,makespan,avg_exec,avg_wait,throughput,imbalance,resource_util
SMA,592.5105555555554,5.116795836257307,95.45651667836223,2.6980482282514604,1.6492169062734883,0.4552313580787993
FCFS,434.2413333333333,3.9160821062025857,79.55329495760806,1.5791360660129703,1.2423396582794624,0.2856812487586404
RR,518.6475555555561,4.242545738509603,86.29168585452959,1.7633940893743598,1.3335436914096397,0.29049156310907776
SHC,234.02933333333294,3.4775364295051343,38.5516884968672,2.541177214376157,1.309967590162002,0.47671582945998264
